subset,attributes,,GainA
None,,,
,結論,0.9709505944546686,
,濕度,0.0,0.9709505944546686
,氣溫,0.4,0.5709505944546686
,風,0.9509775004326937,0.01997309402197489
{'天氣': '晴朗'},,,
,結論,0.9709505944546686,
,濕度,0.0,0.9709505944546686
,氣溫,0.4,0.5709505944546686
,風,0.9509775004326937,0.01997309402197489
{'天氣': '雨天'},,,
,結論,0.9709505944546686,
,風,0.0,0.9709505944546686
,濕度,0.9509775004326937,0.01997309402197489
,氣溫,0.9509775004326937,0.01997309402197489
